Pos.,No.,Last,First,Team,Height,Weight,Pro,Ovrl,FG,3PT,FT,Dunk,Range,InsideScr,Oreb,Jump,Strgth,Quick,Speed,Pass,Dribble,Oaware,Dreb,Stl,Block,Daware
SF,28,Abbott,Leon,Den,"6'6""",231,3,77,90,85,87,81,21,83,72,82,83,76,76,73,80,76,73,67,69,65
SG,9,Abdul-Wahad,Tariq,Sea,"6'6""",223,8,79,85,65,85,82,21,78,79,82,80,86,86,85,79,86,83,68,60,91
SF,3,Abdur-Rahim,Shareef,Was,"6'9""",230,9,90,95,73,89,91,25,96,81,76,87,85,87,80,87,94,96,64,67,83
PF,97,Adams,Pete,Den,"6'10""",248,4,76,71,56,78,95,17,93,78,72,96,68,78,65,63,84,82,66,74,65
SG,78,Adetoun,Kwesi,FA,"6'7""",192,2,65,77,72,82,54,21,66,55,74,60,66,78,81,71,75,71,70,62,60
PF,62,Aitkin,Adrian,FA,"6'10""",220,3,64,56,57,75,76,12,58,71,62,66,67,70,52,62,58,57,54,56,67
SG,8,Alexander,Courtney,Chi,"6'5""",210,5,77,92,76,86,74,25,78,63,83,86,81,89,85,80,87,77,63,59,78
SG,77,Allen,Marcus,FA,"6'4""",209,3,65,72,65,77,63,25,68,55,62,66,52,59,81,64,57,56,53,58,77
SG,34,Allen,Ray,Utah,"6'5""",205,9,87,96,90,98,88,25,79,65,87,77,84,85,88,83,94,76,68,55,86
PG,24,Alston,Rafer,GS,"6'2""",173,6,71,84,71,84,50,25,67,59,75,64,89,86,96,92,85,65,65,56,79
C,13,Amaechi,John,FA,"6'10""",270,7,64,75,60,78,70,18,75,57,64,81,60,59,72,67,70,77,59,50,76
PG,71,Anderson,Bryce,Chi,"6'2""",176,3,69,72,77,91,52,15,69,58,53,63,69,55,77,65,58,55,77,55,60
SG,1,Anderson,Derek,Pho,"6'5""",195,8,78,82,79,96,84,20,76,67,81,77,84,85,87,84,84,72,69,53,90
PG,7,Anderson,Kenny,SA,"6'1""",168,14,69,78,84,78,50,21,68,50,69,59,83,82,91,95,83,64,76,50,73
SF,25,Anderson,Nick,FA,"6'6""",228,16,63,73,89,50,61,25,64,50,61,72,65,67,70,73,70,69,66,50,69
SG,40,Anderson,Shandon,NY,"6'6""",210,9,78,84,82,85,79,20,82,66,81,77,82,83,83,79,88,78,67,56,92
C,46,Anderson,Voshon,Sac,"6'9""",274,2,63,68,52,71,68,9,65,76,57,64,52,55,50,51,50,58,53,53,52
SG,60,Anderson,Wyatt,Hou,"6'5""",183,R,80,85,88,81,74,17,82,71,79,64,83,72,85,80,93,74,74,66,86
SF,84,Andrews,Grant,GS,"6'10""",219,4,79,89,86,77,84,22,88,71,79,74,73,78,77,74,86,71,68,76,73
SG,66,Andrews,Jonah,Tor,"6'5""",182,1,66,63,60,86,61,22,67,63,74,62,71,65,70,70,64,61,65,53,63
PF,24,Andrews,Vonte,Ind,"6'7""",232,R,62,65,59,65,55,16,66,60,50,61,57,55,65,58,57,78,59,56,55
PF,87,Anthony,Ali,Tor,"6'10""",236,3,61,57,52,65,51,15,74,70,55,68,54,57,59,54,58,62,50,66,64
PG,50,Anthony,Greg,FA,"6'1""",180,14,63,74,89,68,50,25,59,50,61,61,72,70,79,80,72,58,63,50,84
SF,93,Anthony,Malcolm,Min,"6'9""",210,3,77,82,65,78,97,16,93,69,75,78,83,82,84,70,87,77,76,73,63
SF,22,Armstrong,Morgan,FA,"6'6""",219,R,62,69,68,77,59,12,70,62,68,68,54,52,63,61,52,66,50,58,58
SG,43,Arnold,Ty,Por,"6'3""",206,4,81,87,58,99,75,20,82,76,78,73,77,74,90,81,92,76,78,65,78
SF,15,Artest,Ron,Chi,"6'7""",246,6,83,84,80,75,78,20,92,66,85,92,83,79,81,79,87,81,76,64,91
C,83,Ashmore,Jared,FA,"6'11""",285,3,64,71,60,76,67,13,66,58,74,75,50,51,54,61,58,61,54,70,65
PG,7,Atkins,Chucky,SA,"5'11""",160,6,72,83,83,81,50,25,67,59,74,67,89,85,95,89,77,68,65,52,80
PG,5,Avery,William,Min,"6'2""",197,6,74,86,82,75,59,25,79,62,77,79,85,86,91,86,88,72,64,58,85
C,44,Bagaric,Dalibor,Hou,"7'1""",255,5,73,77,59,73,79,19,83,79,73,94,59,64,69,54,74,83,56,75,78
C,8,Bagwell,Levar,GS,"6'11""",250,R,67,50,56,77,63,9,81,64,50,62,50,63,50,50,58,71,50,54,50
PF,42,Baker,Vin,NY,"6'11""",250,12,71,80,62,73,74,20,82,73,66,85,72,73,77,77,82,77,56,54,79
PG,78,Baldwin,Davis,Van,"5'4""",166,1,68,70,64,85,74,16,77,67,75,68,84,73,85,86,80,60,89,58,67
PG,21,Barkley,Erick,Hou,"6'1""",185,5,74,84,75,75,67,23,77,56,76,68,94,91,93,85,81,65,78,57,88
PF,68,Barlow,Sean,Tor,"6'7""",239,4,68,71,54,75,66,19,65,59,65,68,54,60,60,60,62,71,65,78,58
SG,31,Barry,Brent,Sac,"6'6""",215,10,71,76,91,86,77,25,67,53,83,66,75,78,84,80,81,75,67,50,77
SG,20,Barry,Jon,Orl,"6'5""",210,13,68,74,89,87,50,25,56,50,59,58,68,69,78,76,75,66,75,50,75
C,4,Battie,Tony,Det,"6'11""",240,8,80,88,59,77,84,17,81,90,82,78,80,82,76,68,73,91,64,76,70
PG,71,Beck,Al,Mia,"6'3""",190,R,70,80,79,84,65,18,75,68,70,68,89,81,90,92,74,64,75,57,81
C,90,Beddis,Devon,Atl,"6'11""",247,2,67,57,52,74,83,14,77,76,65,82,63,79,68,63,80,71,64,61,75
PF,24,Bender,Jonathan,Sea,"6'11""",198,6,76,84,70,73,91,20,88,77,78,77,86,80,73,72,76,81,65,77,72
SF,25,Benjamin,Corey,Cha,"6'6""",205,7,73,82,85,69,93,18,81,64,83,81,86,86,79,73,80,74,69,67,76
PF,76,Benzer,Denzel,LAC,"6'6""",228,4,67,65,55,69,66,15,69,72,70,80,50,72,52,56,66,68,52,68,54
PG,21,Best,Regis,Sea,"6'2""",198,1,70,71,62,88,71,19,78,62,80,68,82,75,75,91,85,63,81,52,65
PG,4,Best,Travis,FA,"5'11""",184,10,69,77,81,87,50,25,66,50,71,63,86,85,91,87,76,65,70,50,86
PG,10,Bibby,Mike,Mil,"6'1""",190,7,85,90,81,87,58,25,84,63,76,76,89,91,99,96,91,72,73,58,87
SG,3,Billups,Chauncey,SA,"6'3""",202,8,83,91,75,92,62,25,80,66,83,83,87,87,97,91,91,77,66,58,81
SF,77,Black,Clarence,NJ,"6'9""",195,R,72,74,56,75,92,18,85,62,90,73,84,85,69,76,87,62,73,69,75
PG,91,Black,Dillon,LAC,"6'2""",181,R,76,72,64,89,76,19,81,61,72,65,97,93,89,84,79,73,87,55,83
PF,0,Black,Ron,FA,"6'10""",211,4,67,60,58,78,67,11,81,53,62,70,58,74,56,61,71,70,52,64,66
C,30,Blount,Mark,Bos,"7'0""",230,5,77,81,50,77,79,8,87,81,70,74,77,70,74,62,79,82,64,87,80
C,27,Bogues,Michael,NY,"7'1""",279,R,78,74,60,85,98,11,81,84,63,91,66,62,66,66,80,85,75,72,70
SG,8,Bolin,Anthony,NJ,"6'3""",215,R,63,71,51,85,51,17,70,51,63,66,64,65,63,63,64,55,66,60,67
SF,2,Booth,Bobby,FA,"6'5""",218,3,63,59,67,82,67,16,65,65,58,68,54,60,65,61,61,62,57,56,68
C,52,Booth,Calvin,Bos,"6'11""",241,6,79,81,50,86,87,16,87,77,70,74,82,82,76,69,70,80,55,81,83
PF,3,Bowdler,Cal,GS,"6'10""",245,6,75,84,53,71,81,16,84,75,71,88,76,74,72,69,82,92,66,65,84
SF,12,Bowen,Bruce,FA,"6'7""",200,9,63,74,86,59,68,19,68,54,69,68,78,70,68,69,70,67,62,50,78
SF,42,Bowen,Ryan,Pho,"6'7""",220,6,77,82,61,81,69,19,84,94,75,79,76,78,75,72,73,69,82,65,88
PG,11,Boykins,Earl,Atl,"5'5""",133,7,74,85,83,87,50,20,78,71,75,70,82,83,91,87,89,66,72,57,86
SG,78,Bradford,Fred,LAC,"6'4""",196,1,65,71,50,80,60,27,66,58,57,59,66,66,57,54,55,60,69,50,50
C,44,Bradley,Shawn,NJ,"7'6""",263,12,72,69,59,82,74,15,70,77,58,63,62,70,64,59,74,86,66,85,82
SF,1,Braggs,Antonio,FA,"6'10""",219,R,63,63,50,77,69,17,65,55,69,67,69,60,74,60,60,64,70,64,69
PF,42,Brand,Elton,Ind,"6'8""",260,6,88,92,53,76,87,16,95,94,77,99,83,79,74,71,95,92,61,75,89
SF,19,Brewer,Thomas,Van,"6'11""",231,2,70,74,56,71,96,21,85,63,77,73,82,80,78,70,81,75,78,64,74
PG,8,Brooke,Toni,Tor,"6'2""",175,1,62,62,61,82,54,18,67,55,67,58,54,66,66,73,51,56,69,55,68
SG,7,Brown,Dee,FA,"6'2""",205,15,63,73,89,67,50,25,58,50,59,59,71,72,72,77,71,60,64,50,67
SF,96,Brown,Grant,Utah,"6'7""",221,2,77,84,60,81,79,20,93,69,90,74,86,82,65,72,84,68,70,73,65
PF,20,Brown,Hamed,Utah,"6'8""",229,R,64,76,58,67,76,15,82,56,64,66,73,68,70,54,65,68,54,56,60
SG,18,Brown,Levar,GS,"6'5""",202,2,80,81,88,88,78,17,81,61,84,67,92,80,70,84,83,65,81,61,83
C,81,Brown,Omar,Bos,"7'0""",245,2,71,73,59,80,63,14,83,66,55,82,70,71,62,69,66,68,51,69,67
PF,42,Brown,P.J.,SA,"6'11""",240,12,67,71,54,72,74,16,71,75,67,83,70,67,64,64,74,83,62,50,91
SG,8,Bryant,Kobe,LAC,"6'7""",210,9,91,95,80,91,97,25,89,76,96,79,93,89,91,90,94,86,72,66,92
SG,21,Buckner,Greg,Hou,"6'4""",210,6,76,79,78,76,66,23,82,78,76,86,82,80,80,78,79,87,70,65,89
SF,50,Bullard,Matt,FA,"6'10""",235,14,64,68,91,73,60,25,57,50,51,65,50,54,63,64,73,64,50,50,64
PF,41,Burton,Antonio,FA,"6'10""",230,2,66,71,52,67,52,17,81,77,68,56,51,69,56,60,55,64,50,73,55
SF,88,Burton,Michael,Mia,"6'7""",205,4,71,83,65,86,86,13,71,73,80,68,62,76,64,68,85,63,64,66,65
SF,37,Butler,Theo,Mil,"6'7""",197,2,75,76,50,78,76,18,88,66,76,78,83,69,81,71,92,80,67,64,77
PF,28,Butler,Tyson,Phi,"7'0""",216,1,69,79,60,65,96,16,70,76,75,88,61,65,70,72,81,74,76,70,66
PF,35,Caffey,Jason,Orl,"6'8""",256,10,71,78,54,66,76,17,78,83,72,85,80,77,74,69,79,82,62,53,86
C,23,Camby,Marcus,Cle,"6'11""",225,9,83,80,59,75,89,16,81,90,81,69,82,84,80,74,80,91,63,83,90
SG,54,Capell,Jerald,Ind,"6'5""",196,4,67,75,78,90,65,27,77,52,72,71,66,51,58,57,57,62,70,53,55
SF,35,Cardinal,Brian,Sac,"6'8""",245,5,78,84,77,84,79,23,81,74,63,87,69,70,81,68,83,85,77,63,78
SF,21,Carlin,Antoine,LAL,"6'10""",222,2,65,60,66,77,69,17,64,60,58,61,61,55,54,56,55,59,67,69,63
SF,94,Carpenter,Doug,NJ,"6'8""",234,2,75,69,62,91,85,13,87,66,85,73,72,68,80,69,82,79,77,59,69
SG,43,Carr,Chris,NJ,"6'6""",220,10,72,81,80,94,79,25,76,67,81,75,81,83,79,79,84,79,62,56,81
C,77,Carr,Zachary,FA,"7'2""",286,2,65,50,58,66,67,9,65,51,58,61,58,52,50,59,62,68,55,67,55
SF,6,Carrera,Leon,FA,"6'6""",225,2,63,66,50,80,55,21,60,59,63,63,55,63,55,61,62,72,52,56,52
PG,25,Carter,Anthony,Was,"6'2""",195,6,75,79,64,84,65,23,67,65,82,72,82,82,98,90,89,74,75,54,77
PF,7,Carter,Levi,Utah,"6'8""",213,R,73,81,60,86,84,12,88,78,77,79,64,66,65,63,79,82,69,65,63
SG,15,Carter,Vince,LAL,"6'6""",225,7,92,97,83,87,98,21,91,73,99,90,91,91,87,87,96,82,67,69,90
SG,39,Case,Madu,Sac,"6'6""",200,3,72,77,57,74,83,20,71,72,77,79,84,85,78,83,90,67,72,64,83
PG,10,Cassell,Sam,Bos,"6'3""",185,12,68,85,76,85,50,25,72,50,67,66,78,76,93,89,82,65,65,50,80
SF,82,Cates,Michael,FA,"6'9""",204,R,63,66,64,77,75,14,76,55,80,71,65,67,64,73,70,60,70,70,75
C,13,Cato,Kelvin,LAC,"6'11""",255,8,77,65,50,73,88,9,76,78,86,84,78,73,61,57,70,91,59,84,85
SF,23,Ceballos,Cedric,FA,"6'7""",220,15,64,73,77,79,66,19,68,64,59,71,68,69,69,78,71,74,59,50,64
SG,77,Cherry,Anthony,Por,"6'5""",214,R,62,63,58,80,55,25,71,52,63,62,75,75,68,59,67,66,58,59,68
SG,13,Christie,Doug,Por,"6'6""",205,13,65,77,86,81,67,25,65,50,74,63,76,73,79,77,73,69,70,50,75
SF,42,Clark,Anthony,FA,"6'7""",216,R,64,71,50,82,70,19,66,64,75,59,60,65,67,70,72,65,69,60,75
C,15,Clark,Keon,Tor,"6'11""",220,7,77,80,59,78,89,18,78,87,75,75,77,79,71,71,73,93,62,79,75
PG,12,Claxton,Craig,Utah,"5'11""",166,5,76,88,78,85,76,25,81,56,76,71,90,93,94,94,83,64,77,56,76
PG,24,Cleaves,Mateen,Dal,"6'2""",205,5,74,79,77,83,67,25,73,58,71,85,86,87,98,89,87,69,71,57,83
C,33,Closs,Keith,Mia,"7'3""",212,8,74,73,50,68,81,11,81,83,70,70,74,77,62,60,66,86,57,93,71
C,52,Collier,Jason,Ind,"7'0""",260,5,78,85,74,81,86,25,82,81,71,83,68,67,75,66,82,90,59,73,85
PF,10,Cooper,Marcus,NJ,"6'8""",232,2,65,64,56,81,84,16,72,64,67,70,52,72,53,58,61,78,59,75,67
PF,11,Cooper,Theobald,FA,"6'11""",234,2,63,50,51,60,64,10,58,53,52,70,59,68,63,59,61,53,50,67,50
SG,90,Cooper,Tim,Mil,"6'5""",203,R,64,75,62,80,66,21,70,57,67,64,70,70,65,68,81,66,78,53,78
PG,0,Craft,Anthony,SA,"6'2""",184,R,72,83,59,89,69,25,74,59,78,63,95,87,82,86,90,71,76,57,65
PF,14,Craft,Doug,Cle,"6'6""",227,R,65,56,60,72,66,12,83,74,64,78,70,54,59,63,72,79,62,68,51
SF,4,Crawford,Chris,GS,"6'9""",235,8,73,85,74,87,79,19,77,83,75,84,76,78,72,78,75,72,62,63,70
PG,1,Crawford,Jamal,LAL,"6'6""",185,5,77,84,72,86,84,25,87,64,85,73,91,86,93,88,85,74,67,62,74
SF,44,Croshere,Austin,Chi,"6'9""",242,8,82,86,83,94,76,19,77,81,75,84,75,77,76,78,84,95,61,66,83
PG,5,Cummings,Vonteego,SA,"6'3""",190,6,72,84,81,84,63,21,77,66,75,77,82,84,90,83,83,70,74,59,83
C,52,Cunningham,William,FA,"6'11""",240,7,64,74,50,63,75,13,76,79,74,83,69,69,76,61,71,69,56,65,82
PF,9,Daly,Ben,Mil,"6'8""",224,4,75,68,58,79,92,18,78,86,89,82,83,82,64,60,77,82,71,67,82
C,25,Dampier,Erick,Mia,"6'11""",265,9,76,77,50,61,85,11,76,89,69,93,73,69,73,61,76,90,57,64,85
C,49,Daniels,Aidan,FA,"6'11""",269,1,62,50,58,72,70,15,73,62,53,68,68,50,59,60,61,63,60,59,50
SG,33,Daniels,Antonio,Bos,"6'4""",205,8,75,84,78,80,72,16,77,62,82,80,83,85,91,87,82,70,73,54,80
PF,94,Daniels,Bobby,NY,"6'11""",229,3,65,64,57,76,67,18,69,68,61,61,53,64,66,64,58,60,51,73,52
PF,6,Daniels,Ty,Pho,"6'10""",243,R,65,58,61,80,68,11,75,66,61,77,68,77,56,59,72,76,58,71,57
PF,9,David,Kornel,FA,"6'9""",230,7,64,75,63,85,66,25,67,66,66,73,68,69,74,74,71,74,66,50,70
C,22,Davies,Shawn,FA,"7'0""",247,3,65,62,59,62,75,14,75,50,70,71,64,61,55,50,58,66,59,55,70
SG,1,Davis,Baron,Chi,"6'3""",212,6,86,88,74,71,72,21,85,68,94,91,95,95,93,92,87,74,82,62,86
PF,15,Davis,Cameron,FA,"6'9""",212,2,63,54,58,68,72,11,82,56,77,69,59,72,60,53,59,60,54,64,69
C,34,Davis,Dale,FA,"6'11""",252,14,64,64,50,63,71,11,69,75,64,83,64,64,61,59,69,87,58,50,81
SG,24,Davis,Hubert,FA,"6'5""",183,13,67,81,90,84,53,25,61,50,62,63,73,70,77,76,73,61,54,50,73
SF,21,Davis,Ricky,Cle,"6'6""",195,7,79,84,55,84,92,18,82,75,90,84,92,89,77,76,80,77,76,62,80
PG,70,Davis,Theo,Mil,"6'2""",193,1,77,86,84,88,73,25,73,71,85,60,83,89,90,96,80,67,78,58,67
SG,11,Day,Todd,FA,"6'6""",188,12,66,73,92,64,69,25,65,52,62,65,71,65,70,70,65,71,71,50,73
C,55,DeClercq,Andrew,Atl,"6'10""",255,10,69,67,50,65,75,13,72,82,72,79,74,78,71,64,72,86,65,64,82
SG,6,Dehere,Malcolm,Det,"6'6""",205,3,69,82,61,84,87,21,72,69,80,70,89,72,63,80,81,63,72,65,82
PG,0,Delk,Tony,Cha,"6'2""",189,9,71,84,73,88,62,25,71,73,74,74,85,82,91,85,83,70,74,54,86
SG,5,Dial,Derrick,Bos,"6'4""",185,6,74,89,79,87,77,25,83,70,75,73,79,79,83,76,79,74,67,58,76
SG,8,Dickerson,Michael,Atl,"6'5""",190,7,84,88,85,92,82,25,79,63,87,78,92,87,87,83,88,69,71,59,87
C,21,Divac,Vlade,FA,"7'1""",260,16,65,77,71,60,65,20,74,60,50,79,62,62,77,72,79,81,65,50,73
SG,96,Dixon,Cerdic,Dal,"6'8""",187,R,70,74,59,75,79,18,74,72,87,78,80,84,66,75,89,72,74,61,71
C,90,Dixon,Elmo,Orl,"7'0""",257,3,79,69,55,76,95,9,92,80,77,94,64,70,73,61,87,70,74,79,70
PF,46,Dixon,Theo,FA,"6'8""",234,3,67,63,55,68,73,16,76,67,80,92,63,71,72,74,77,79,62,67,72
C,51,Doleac,Michael,Mil,"6'11""",262,7,82,87,59,92,79,21,83,80,63,95,71,75,76,74,88,96,61,66,84
PG,1,Dooling,Keyon,Mia,"6'3""",184,5,73,83,74,82,83,25,88,60,78,73,90,86,86,91,79,69,67,67,84
PG,24,Drew,Bryce,GS,"6'3""",185,7,78,85,86,94,50,25,76,61,70,76,84,83,90,90,89,69,66,53,84
SF,33,Drummond,Jamal,Mia,"6'11""",226,R,64,78,65,74,86,15,79,57,74,66,69,72,61,70,79,67,68,71,58
PF,21,Duncan,Tim,Det,"7'0""",260,8,93,99,57,85,95,20,99,87,75,96,88,84,89,81,99,98,60,80,98
PF,59,Dunn,Grant,FA,"6'11""",248,4,64,62,61,70,78,11,75,75,62,79,61,57,60,52,65,62,53,56,51
SG,80,Dvorak,Igor,Ind,"6'5""",206,4,77,82,74,81,85,24,79,64,80,74,74,81,70,84,95,74,90,66,69
SG,64,Easton,Alonzo,Utah,"6'5""",206,3,70,74,60,89,96,21,74,61,86,69,86,82,80,84,77,61,84,62,65
PG,2,Edney,Tyus,FA,"5'10""",152,8,64,73,58,85,50,17,56,55,72,56,87,84,89,86,79,63,78,50,77
PF,1,Edwards,Omar,Chi,"6'7""",220,3,73,74,56,75,94,20,84,78,66,92,88,81,60,61,90,65,73,63,79
PG,9,Eisley,Howard,Was,"6'2""",180,11,73,83,82,88,50,25,72,55,67,69,81,83,89,89,88,67,62,50,90
PF,54,Ekezie,Obinna,Was,"6'9""",270,6,71,73,50,76,83,11,82,90,70,91,65,65,68,67,73,91,63,58,77
PG,2,El-Amin,Khalid,Den,"5'10""",200,5,76,87,77,97,52,25,69,60,72,77,83,80,91,91,62,70,77,57,85
C,13,Ellis,Al,FA,"7'0""",265,4,64,65,57,67,77,11,74,59,69,76,55,50,64,55,66,62,57,69,55
SF,32,Ellis,Duane,Mia,"6'8""",198,2,67,69,74,85,70,19,78,55,67,66,59,76,65,70,71,59,58,65,70
C,6,Ellis,Jamal,LAC,"6'11""",281,3,75,70,62,80,85,14,77,64,67,94,75,76,72,73,90,67,62,71,56
PF,3,Ellis,LaPhonso,FA,"6'8""",240,13,63,76,66,66,71,25,71,68,62,79,71,68,77,74,77,80,60,50,76
C,93,Ellis,Rodney,Mil,"6'11""",283,3,76,68,60,70,98,12,91,85,57,90,62,80,65,57,84,82,61,61,63
C,64,Ellison,Jamal,FA,"7'0""",244,3,67,58,51,81,58,9,71,79,53,74,63,60,56,52,63,70,52,71,54
PF,77,Erwin,Bob,FA,"6'11""",212,4,64,52,57,70,70,19,66,54,64,70,53,50,69,50,61,67,52,56,51
C,42,Eschmeyer,Evan,Utah,"6'11""",255,6,74,77,55,59,82,18,90,82,70,85,70,73,78,67,75,85,60,77,75
SG,36,Eyles,Marcel,Atl,"6'6""",189,R,67,72,66,74,77,16,72,72,77,63,76,74,69,84,84,62,72,61,63
SG,10,Fargus,Marcel,LAL,"6'6""",186,1,64,80,71,74,62,25,70,60,79,58,72,67,67,68,79,66,67,59,73
SF,60,Farlow,Roshown,FA,"6'9""",225,4,63,59,58,77,68,13,68,67,68,73,65,52,73,64,55,61,51,71,51
PF,11,Favreau,Corey,Min,"6'10""",241,2,70,73,59,71,75,11,77,82,69,93,77,81,74,68,78,72,66,64,72
C,14,Feick,Jamie,LAL,"6'8""",255,9,79,77,65,79,72,18,83,92,69,88,73,68,71,67,82,94,58,58,85
SF,35,Ferry,Danny,FA,"6'10""",235,15,64,68,82,81,55,25,54,50,50,64,50,53,68,62,70,68,50,50,59
SG,4,Finley,Michael,Sea,"6'7""",215,10,82,86,83,88,88,25,77,64,89,76,87,84,86,82,87,77,63,53,90
PF,29,Finley,Vernell,FA,"6'9""",241,4,65,78,54,71,72,13,85,61,84,86,69,73,58,60,70,64,69,58,66
PG,2,Fisher,Derek,Sea,"6'1""",200,9,74,81,81,80,58,25,73,58,74,79,83,84,93,87,85,68,71,52,90
SF,21,Fizer,Marcus,Sea,"6'9""",262,5,83,85,70,82,90,19,95,82,83,97,78,68,85,78,86,79,62,69,83
PF,21,Fortson,Danny,Bos,"6'7""",260,8,83,84,53,83,81,16,89,99,75,99,82,76,72,71,80,98,60,58,83
SF,10,Foster,Jeff,Mia,"6'11""",242,6,73,82,50,76,80,19,82,78,76,84,72,73,71,63,78,83,61,70,81
SF,17,Fox,Rick,FA,"6'7""",242,14,63,75,84,76,63,25,65,52,59,70,68,67,72,74,72,66,63,50,74
PF,31,Foyle,Adonal,Det,"6'10""",250,8,74,64,50,59,80,8,74,92,70,88,71,72,67,56,67,90,58,88,73
PG,3,Francis,Steve,Tor,"6'3""",193,6,90,96,86,88,94,25,88,75,99,78,91,91,96,93,94,77,72,61,91
C,35,Fuller,Todd,Cle,"6'11""",255,9,71,75,53,68,76,16,79,87,74,83,64,64,67,62,77,91,60,60,76
PF,51,Funderburke,Lawrence,Mia,"6'9""",230,8,65,75,55,72,76,17,80,78,69,76,72,67,72,70,74,80,64,50,76
PF,21,Garces,Ruben,FA,"6'9""",245,5,66,67,50,58,76,12,77,77,74,88,74,70,68,62,68,81,57,63,84
PF,21,Garnett,Kevin,Min,"6'11""",220,10,92,98,77,85,96,20,96,79,95,90,89,90,91,82,95,96,67,73,94
PF,16,Garren,Ray,Ind,"6'8""",241,1,79,77,60,85,84,20,73,82,82,96,87,89,68,71,87,63,72,78,83
PF,48,Garrett,Emmet,LAC,"7'0""",213,2,71,64,56,83,96,11,70,60,76,79,69,83,67,65,81,85,76,65,58
PF,8,Garrity,Pat,Van,"6'9""",238,7,77,89,89,81,76,25,84,65,70,87,75,76,80,76,83,80,59,61,81
PF,34,Gartner,Saul,Atl,"6'10""",220,1,69,68,64,83,74,11,71,74,55,65,70,73,57,60,64,77,64,74,64
PF,52,Geiger,Matt,Mil,"7'1""",248,13,63,74,54,76,71,17,70,75,65,79,63,72,60,62,74,80,56,50,72
SF,3,George,Devean,Mil,"6'8""",220,6,81,84,88,75,86,25,89,86,83,82,82,80,82,76,82,87,65,61,76
PG,42,Gilmore,Dan,FA,"6'1""",165,3,64,62,55,88,55,15,65,54,63,66,55,62,71,75,73,50,58,53,53
SG,5,Glover,Dion,Cha,"6'5""",220,6,74,83,79,81,86,21,87,68,77,89,86,83,80,81,80,69,67,61,79
SG,38,Goldberg,Branton,Hou,"6'5""",212,3,67,73,65,77,91,15,73,62,74,69,88,82,68,76,88,68,65,62,68
C,44,Grant,Brian,Cha,"6'9""",250,11,77,79,60,72,73,18,77,82,71,89,74,79,74,69,84,89,60,54,88
PG,87,Grant,Derek,FA,"6'2""",194,3,64,66,72,82,53,20,65,59,61,67,71,73,78,69,71,62,62,51,59
SF,0,Grant,Peter,Pho,"6'7""",205,1,82,85,55,83,76,18,91,75,89,78,91,69,79,86,87,78,83,74,70
SG,69,Green,Bryan,FA,"6'5""",186,2,65,80,78,83,63,23,66,59,71,65,81,76,63,64,76,55,60,58,72
PG,15,Green,Michael,Cha,"6'5""",162,3,67,72,71,82,70,23,74,59,66,61,78,71,78,81,74,67,85,53,58
PF,52,Green,Tafalla,Cha,"6'11""",212,2,67,59,63,82,80,15,77,59,59,73,67,71,67,55,70,61,57,69,66
C,29,Green,Von,FA,"6'10""",281,4,64,65,55,73,66,16,56,52,51,72,68,51,52,51,56,78,64,64,67
SF,44,Griffin,Adrian,LAL,"6'5""",215,6,75,80,74,83,69,25,75,78,74,73,78,78,84,79,74,82,79,54,77
SG,30,Grodin,Matt,FA,"6'5""",215,4,64,70,71,81,70,21,70,58,63,68,60,52,69,56,68,55,70,56,57
PG,11,Guyton,A.J.,Por,"6'2""",185,5,71,90,82,87,65,25,77,57,76,76,83,81,80,79,87,67,71,57,78
PF,89,Hagman,Vonte,Mil,"7'0""",215,4,76,70,57,87,75,18,93,86,81,81,73,80,75,61,84,64,71,70,65
SF,21,Ham,Darvin,Van,"6'7""",240,8,71,79,50,56,88,12,71,88,89,79,79,77,66,66,76,76,66,64,83
SG,32,Hamilton,Richard,Den,"6'6""",185,6,82,89,82,86,91,25,84,65,76,75,88,85,87,86,90,71,61,57,89
PF,25,Hamilton,Zendon,Mil,"6'11""",240,5,71,77,58,77,81,18,85,81,75,75,71,72,66,60,72,84,53,64,82
PG,34,Hammonds,Eli,Phi,"6'5""",169,R,80,88,83,91,70,19,79,67,85,69,98,87,94,91,84,59,84,54,64
SF,12,Hanlon,Allen,FA,"6'7""",210,R,64,77,72,76,66,22,81,54,66,62,76,64,63,68,71,57,68,66,72
PF,73,Hanson,Etdrick,Dal,"6'9""",222,3,76,68,58,88,80,11,91,86,80,83,72,89,75,69,75,69,65,78,65
SG,1,Hardaway,Anfernee,Hou,"6'7""",215,12,70,79,78,80,78,25,76,57,69,71,79,81,88,89,84,75,70,50,76
PF,85,Hardaway,Filbert,Orl,"6'7""",232,2,66,56,53,78,70,15,65,54,54,71,66,66,51,55,50,55,52,69,51
PF,38,Hardaway,Justin,FA,"6'10""",223,4,69,67,52,82,72,10,72,70,80,82,51,56,64,64,76,84,63,65,81
SG,8,Harding,Oliver,FA,"6'5""",206,3,69,85,59,85,89,16,75,63,86,76,82,81,71,77,79,63,67,69,77
SG,15,Harpring,Matt,Cle,"6'7""",231,7,80,89,80,80,76,25,85,68,75,87,79,81,84,78,84,73,66,60,89
SG,3,Harrington,Al,Phi,"6'9""",254,7,75,87,72,78,82,25,86,76,78,85,78,79,77,73,79,86,64,62,79
PF,24,Harrington,Othella,GS,"6'9""",235,9,78,82,54,87,82,17,86,81,74,89,73,77,76,70,82,84,55,60,81
SG,12,Harris,Lucious,FA,"6'5""",205,12,63,70,81,81,56,25,62,56,69,64,73,72,75,74,69,69,70,50,66
PG,7,Hart,Jason,Cle,"6'3""",185,5,76,83,73,82,74,25,74,62,83,76,94,91,93,88,81,67,83,58,90
C,32,Hartley,Cameron,Cha,"6'11""",264,4,71,66,55,80,83,16,73,81,79,82,59,65,67,59,87,66,65,75,59
SF,1,Harvey,Donnell,LAL,"6'8""",216,5,76,72,51,69,94,14,85,87,85,81,79,75,69,63,69,87,57,70,85
PF,21,Hatcher,Sam,Det,"6'11""",213,R,65,53,59,72,68,11,71,51,55,63,50,65,52,50,62,67,52,67,50
SG,26,Hatcher,Thomas,FA,"6'5""",190,4,63,70,65,78,61,18,73,68,79,67,65,69,82,67,75,64,71,59,65
PG,17,Hawkins,Michael,NY,"6'0""",180,8,65,75,78,76,50,19,56,69,72,65,81,83,91,85,83,68,56,50,84
C,72,Haydorn,Jermaine,GS,"7'1""",281,3,68,70,56,76,73,13,78,75,63,76,60,52,54,51,62,62,50,62,58
PF,44,Henderson,Alan,Min,"6'9""",245,10,73,78,57,73,79,19,82,86,72,83,81,79,73,71,84,76,62,57,84
SF,45,Henderson,Cedric,Min,"6'7""",225,8,73,81,60,75,82,17,80,66,75,81,86,86,78,78,80,77,67,59,85
SG,96,Henderson,Tim,FA,"6'5""",201,4,65,59,61,83,64,18,72,60,63,54,57,64,59,56,56,55,65,52,65
PG,12,Herren,Chris,Utah,"6'2""",190,6,69,78,85,77,50,25,80,61,70,81,85,85,91,80,79,69,61,57,77
PF,98,Herrera,John,Ind,"6'10""",229,3,64,52,59,61,62,19,80,70,54,68,52,63,61,59,54,77,58,71,62
SF,78,Hicks,Myron,Cle,"6'7""",203,R,61,63,50,70,65,22,73,63,61,58,50,68,58,51,57,71,52,67,63
SF,33,Hill,Grant,Den,"6'8""",225,11,82,86,77,85,84,19,87,64,84,80,90,86,94,88,88,84,66,55,87
SG,2,Hill,Ty,Orl,"6'5""",200,R,72,81,57,76,87,21,79,64,78,75,89,72,86,84,79,66,74,70,59
SG,20,Hoiberg,Fred,Min,"6'4""",203,10,70,71,84,97,50,25,64,54,67,71,72,79,81,75,81,79,71,50,79
SG,87,Hooper,Dante,FA,"6'6""",186,1,64,67,60,75,52,21,70,59,70,66,50,60,67,61,60,56,58,56,51
PF,5,Horry,Robert,Cle,"6'10""",235,13,64,74,78,76,70,20,64,69,67,71,73,71,73,66,72,78,73,54,77
PG,5,House,Eddie,Orl,"6'1""",180,5,76,89,81,92,66,25,79,63,76,76,92,89,86,83,84,72,80,57,80
SG,20,Houston,Allan,GS,"6'6""",200,12,72,85,86,85,74,25,73,50,76,71,79,78,76,82,83,66,59,50,83
PF,5,Howard,Juwan,Cha,"6'9""",250,11,75,79,55,79,78,18,87,68,72,86,77,83,82,78,81,77,59,52,85
PG,11,Hudson,Troy,Bos,"6'1""",170,8,78,87,83,90,50,25,80,60,75,79,87,84,92,88,89,71,62,56,87
SG,20,Hughes,Larry,Mia,"6'5""",185,7,86,92,73,82,95,20,86,74,94,75,88,89,88,90,93,81,74,62,87
SG,1,Hunter,Lindsey,Mil,"6'2""",200,12,69,72,91,77,51,25,66,50,69,69,82,78,80,85,78,66,71,50,81
C,11,Ilgauskas,Zydrunas,Den,"7'3""",260,9,81,88,53,85,86,16,89,85,70,89,71,69,70,64,85,83,63,77,81
SG,3,Iverson,Allen,Cle,"6'0""",165,9,91,98,82,80,82,25,88,64,92,73,98,97,92,97,94,71,79,54,91
PG,24,Jackson,Bobby,FA,"6'1""",185,8,64,71,75,84,51,25,72,69,72,73,81,83,86,82,75,74,71,52,79
SG,22,Jackson,Jim,Det,"6'6""",220,13,71,82,87,89,72,20,77,56,69,75,78,77,84,82,75,73,59,50,77
C,44,Jackson,Marc,Hou,"6'10""",270,6,82,85,50,92,78,15,86,84,75,80,69,77,70,61,85,89,57,82,81
PF,24,Jackson,Stephen,Van,"6'8""",218,5,73,87,65,74,86,17,82,72,76,81,86,84,82,77,79,75,64,61,77
SG,50,Jacobs,Obasi,FA,"6'3""",191,1,65,71,76,88,62,19,74,53,71,62,56,72,79,70,63,62,56,59,60
SG,6,Jacobson,Sam,Atl,"6'4""",219,7,73,86,78,82,79,25,79,68,82,83,81,80,75,79,80,70,72,54,82
SF,25,James,Tim,Bos,"6'7""",212,6,74,82,61,78,84,19,82,74,76,89,82,78,80,75,78,80,72,63,79
SF,33,Jamison,Antawn,Por,"6'9""",223,7,85,95,63,70,92,20,92,91,87,91,85,87,73,73,87,82,58,60,86
PG,80,Jamison,Otis,Min,"6'0""",159,1,71,71,64,93,66,17,69,57,68,69,95,73,87,88,86,74,74,54,60
PG,14,Jarvis,Brian,NJ,"6'2""",202,1,71,65,70,79,66,18,73,66,80,73,96,96,85,77,79,60,85,55,58
SG,8,Jarvis,James,Hou,"6'3""",184,R,65,68,81,85,52,23,73,53,74,53,79,67,74,77,73,65,72,56,53
PG,10,Johnson,Anthony,Den,"6'3""",190,8,69,83,66,81,55,20,74,67,70,70,86,83,90,84,84,66,76,55,86
SF,5,Johnson,Bob,FA,"6'8""",219,R,62,68,50,67,79,16,71,65,74,57,56,61,72,60,63,59,63,71,62
SG,75,Johnson,Brian,FA,"6'6""",187,2,63,77,54,78,54,17,73,65,61,62,59,76,78,61,63,58,68,59,65
SG,1,Johnson,DerMarr,LAC,"6'9""",201,5,74,83,75,81,91,25,87,76,90,71,87,81,80,75,77,68,66,65,79
PG,11,Jones,Damon,Sac,"6'3""",185,7,74,87,90,76,57,21,67,61,75,68,89,86,89,95,82,70,69,57,84
SG,6,Jones,Eddie,Sac,"6'6""",200,11,80,83,87,91,78,25,72,56,83,71,82,85,81,81,84,69,82,52,94
SF,33,Jones,Jumaine,NY,"6'8""",218,6,77,85,71,80,87,21,84,72,84,90,83,78,79,73,83,77,64,62,84
SG,57,Jones,Nathan,Orl,"6'6""",212,R,63,63,55,86,57,17,72,65,70,60,64,74,60,63,65,54,64,61,56
PF,50,Jones,Ronald,FA,"6'8""",250,12,65,65,69,70,69,15,71,80,62,78,62,59,63,64,70,85,52,50,74
C,32,Joseph,Garth,NJ,"7'2""",306,5,71,71,50,64,85,11,84,80,67,90,64,69,75,59,75,88,54,74,75
PF,32,Keefe,Adam,FA,"6'9""",230,13,63,66,52,78,70,14,68,67,62,76,63,63,65,67,71,82,62,50,79
PF,74,Keenan,Marius,FA,"6'9""",225,1,64,71,61,77,71,16,71,74,57,65,51,61,57,61,62,69,59,57,70
PF,40,Kemp,Shawn,Phi,"6'10""",280,16,67,76,63,75,73,19,72,73,62,86,71,63,71,73,72,86,68,50,76
PF,8,Ketner,Lari,SA,"6'9""",277,6,76,72,50,63,87,12,90,84,71,99,75,77,79,65,76,84,54,74,86
PG,32,Kidd,Jason,Det,"6'4""",212,11,85,80,79,89,75,20,79,64,72,79,90,92,99,96,95,85,77,54,94
PF,89,King,Adam,FA,"6'9""",213,2,65,60,61,82,72,18,78,78,59,63,64,58,57,63,65,56,56,66,60
C,5,King,Casper,Phi,"7'6""",275,2,67,77,50,66,58,15,64,58,56,63,58,62,54,51,60,59,50,74,63
PF,51,King,Gerard,FA,"6'9""",250,7,67,70,52,80,73,15,73,80,67,80,67,73,69,64,75,86,64,55,78
PF,74,King,Mace,FA,"6'10""",212,2,64,62,60,64,53,20,64,72,62,60,56,53,60,59,70,60,57,71,61
SG,13,King,Scot,Sea,"6'4""",189,R,66,73,77,80,53,24,75,56,67,65,81,84,79,64,78,64,72,61,56
SF,68,Kinney,Joaquin,FA,"6'8""",226,3,64,79,76,81,79,15,75,58,74,56,71,57,57,70,72,60,68,61,70
PG,42,Kinney,Myron,FA,"6'0""",194,3,64,71,68,88,50,16,68,57,58,57,69,74,75,74,75,59,76,54,70
SG,30,Kittles,Kerry,Min,"6'5""",180,9,78,83,88,88,77,25,75,63,81,71,83,85,83,83,85,74,70,55,85
SG,81,Klanac,Alexander,Den,"6'4""",177,1,75,85,76,84,85,21,72,61,90,72,91,75,80,85,86,62,77,66,64
SG,10,Knight,Boniface,LAL,"6'7""",184,R,66,65,74,83,61,21,76,59,71,58,67,78,72,70,77,68,76,63,59
PG,12,Knight,Brevin,NJ,"5'10""",170,8,82,79,63,85,50,20,77,61,70,76,96,93,99,96,90,74,79,61,88
C,44,Knight,Travis,NY,"7'0""",235,9,78,81,56,70,80,19,78,92,70,78,73,78,76,71,82,95,57,77,79
SF,7,Kukoc,Toni,Ind,"6'11""",235,12,63,74,78,67,62,25,67,51,59,67,67,72,79,80,74,71,67,50,66
C,45,LaFrentz,Raef,Was,"6'11""",240,7,83,88,77,78,84,20,87,79,75,86,77,80,77,72,81,91,57,86,81
C,32,Laettner,Christian,Dal,"6'11""",245,13,65,73,72,76,61,20,67,62,59,71,63,63,70,72,75,80,63,50,71
SG,21,Langdon,Trajan,Was,"6'3""",197,6,78,93,88,95,56,25,78,59,75,76,77,79,82,77,90,66,65,58,82
SF,14,Langhi,Dan,Van,"6'11""",220,5,75,81,60,96,84,21,78,81,71,77,67,71,80,70,76,83,59,70,78
SG,20,Larson,Marian,FA,"6'6""",211,R,64,70,57,89,73,25,68,57,81,53,70,62,63,73,73,70,65,54,70
PF,23,Lawlor,Jamey,NY,"6'11""",221,R,65,64,54,66,52,17,79,72,64,63,63,68,59,50,50,64,56,70,50
SG,5,Lenard,Voshon,Dal,"6'4""",205,10,73,79,90,85,50,25,67,61,72,75,78,78,80,77,80,70,62,54,86
SG,20,Lewis,Quincy,Pho,"6'7""",215,6,79,88,81,81,67,21,82,75,83,80,82,80,83,81,83,75,63,63,84
SF,7,Lewis,Rashard,Min,"6'10""",215,7,82,90,80,76,87,19,82,86,89,83,80,80,77,74,89,88,69,66,77
C,58,Lopez,Devin,Pho,"7'5""",256,3,67,72,60,77,76,15,75,67,53,71,68,72,54,54,68,59,50,57,59
SF,13,Lopez,Felipe,Orl,"6'5""",195,7,77,86,67,70,93,21,84,83,87,75,88,88,83,82,82,74,70,62,75
PF,0,Lue,Al,SA,"6'11""",224,1,69,69,57,82,77,10,77,60,76,91,71,75,71,73,86,78,79,65,76
PG,10,Lue,Tyronn,Cle,"6'0""",175,7,74,85,78,91,50,21,78,63,76,72,91,91,90,87,83,72,70,58,76
SF,9,Lynch,George,Min,"6'8""",228,12,69,75,78,59,67,21,68,73,67,76,72,66,70,70,68,82,72,50,84
C,99,MARS,HENRY,Chi,"7'10""",327,5,98,99,51,88,96,17,99,99,89,99,98,96,92,89,99,99,75,99,98
C,50,MacCulloch,Todd,GS,"7'0""",255,6,81,87,51,61,83,14,88,87,62,96,65,66,77,60,79,92,59,85,82
PF,35,Madsen,Mark,Sac,"6'9""",240,5,74,82,51,66,83,13,87,83,70,87,76,72,72,67,81,88,61,63,80
SF,50,Maggette,Corey,Ind,"6'6""",218,6,82,81,64,83,93,20,85,89,95,91,82,83,79,79,82,86,59,65,86
C,21,Magloire,Jamaal,Chi,"6'10""",260,5,79,76,54,77,88,14,85,85,71,95,76,72,68,63,75,84,58,79,87
PG,12,Maloney,Matt,Mia,"6'3""",200,9,67,67,88,87,52,25,67,50,66,66,77,78,86,82,85,58,61,50,80
PG,33,Marbury,Stephon,Phi,"6'2""",180,9,89,92,78,89,80,25,86,63,88,86,93,95,99,97,95,72,69,58,87
SF,31,Marion,Shawn,NJ,"6'7""",215,6,89,91,70,94,85,25,87,86,88,89,85,88,78,82,89,95,71,76,87
SF,42,Marshall,Donyell,Atl,"6'9""",230,11,76,80,80,84,74,20,77,86,67,79,74,75,79,74,80,92,64,62,73
PF,69,Martin,Bobby,NJ,"6'7""",232,4,67,73,54,79,85,16,78,66,69,90,77,71,57,70,84,63,71,66,70
PG,15,Martin,Darrick,LAC,"5'11""",170,11,64,73,85,83,50,25,64,50,69,58,81,78,86,83,79,59,64,50,76
PF,6,Martin,Kenyon,Tor,"6'9""",230,5,84,87,59,76,90,16,92,86,88,85,79,75,75,76,83,89,62,95,86
SF,24,Mashburn,Jamal,LAC,"6'8""",241,12,78,85,85,84,76,20,79,64,72,83,79,80,86,84,89,80,62,51,84
SG,24,Mason,Desmond,NJ,"6'5""",215,5,79,86,85,85,93,25,82,78,93,73,87,82,77,73,83,73,63,67,85
SF,63,Massenburg,Brice,Tor,"6'8""",229,2,65,67,75,68,86,12,70,68,70,55,69,72,66,72,67,64,72,72,58
PF,0,McCarty,Walter,SA,"6'10""",230,9,71,78,83,80,84,19,75,68,74,73,78,81,81,75,77,73,62,62,83
PF,84,McCloud,Evander,Dal,"6'11""",220,1,73,71,60,74,79,16,76,77,84,90,67,63,70,63,89,85,75,78,59
SF,98,McCloud,Sal,FA,"6'7""",202,1,63,67,53,80,73,22,61,69,66,56,53,62,59,59,53,66,62,65,50
C,34,McCoy,Jelani,Por,"6'10""",245,7,83,90,51,59,93,12,93,81,83,89,82,84,73,70,80,92,61,82,87
PF,76,McDonald,Theo,Den,"6'9""",216,R,71,70,61,69,74,13,93,74,78,89,64,65,65,61,75,64,74,67,71
C,4,McDonald,Tristan,Orl,"6'11""",286,4,73,62,54,80,85,12,95,69,58,79,61,62,71,65,75,78,63,62,62
PF,24,McDyess,Antonio,Sea,"6'9""",245,10,83,85,56,71,94,19,88,86,91,77,85,85,74,69,81,89,62,72,87
C,70,McGrady,Babatunde,FA,"6'10""",264,4,62,55,55,67,60,12,75,57,56,58,50,61,63,52,59,58,58,58,63
SG,1,McGrady,Tracy,Orl,"6'8""",210,8,89,95,73,79,99,20,89,84,97,82,91,88,87,83,92,86,68,83,89
C,22,McIlvaine,Jim,FA,"7'1""",264,11,66,64,50,57,73,10,68,75,66,72,58,60,64,60,65,75,60,84,83
PG,5,McInnis,Jeff,Dal,"6'4""",190,8,66,75,76,84,63,19,67,66,75,73,83,83,88,83,81,76,62,54,78
SG,8,McKie,Aaron,SA,"6'5""",209,11,74,78,80,89,69,18,69,60,72,77,79,82,86,78,76,75,75,53,87
SF,7,McLeod,Roshown,Pho,"6'8""",230,7,77,88,66,86,81,20,82,73,75,86,80,79,77,70,83,80,59,58,83
SG,23,McPherson,Paul,Tor,"6'4""",210,5,74,84,67,71,86,21,84,57,93,80,92,90,86,90,79,65,69,58,80
SF,14,Medvedenko,Stanislav,Mil,"6'10""",250,5,76,86,68,75,83,21,91,76,72,91,70,74,69,73,77,78,72,69,79
SG,5,Mercer,Ron,Utah,"6'7""",210,8,83,94,74,88,86,19,89,64,82,82,85,87,86,79,89,72,65,60,86
SF,5,Mickeal,Pete,Was,"6'6""",222,5,78,82,70,81,90,21,92,79,76,91,81,76,75,76,76,79,74,61,86
C,4,Mihm,Chris,SA,"7'0""",265,5,83,87,65,78,89,21,94,80,77,83,71,72,73,68,84,94,56,80,84
SG,21,Miles,Darius,Tor,"6'9""",202,5,75,80,65,71,92,14,85,76,89,68,93,87,80,73,77,85,65,83,77
PG,24,Miller,Andre,Sac,"6'2""",200,6,82,89,69,86,64,20,83,69,82,88,84,84,96,92,90,75,69,59,93
C,40,Miller,Brad,Was,"7'0""",261,7,81,85,55,87,79,18,86,92,75,91,70,70,77,68,79,92,61,71,82
SF,50,Miller,Mike,Cha,"6'8""",218,5,82,85,70,80,82,23,86,82,78,76,80,79,89,83,87,85,63,66,83
SF,3,Mills,Charles,Por,"6'8""",214,1,62,70,55,68,71,15,79,65,80,65,65,75,66,62,67,64,64,72,67
SF,34,Mills,Chris,FA,"6'7""",216,12,65,77,75,78,62,25,66,66,67,70,70,67,74,74,78,74,62,50,80
C,89,Mills,Jonah,Cha,"6'10""",267,R,62,73,52,67,62,9,66,72,50,71,61,61,61,60,62,66,53,73,51
SG,16,Mills,Malcolm,LAC,"6'6""",192,R,63,66,67,89,58,21,67,63,72,64,76,74,70,77,68,58,75,56,71
PG,47,Mills,Max,Was,"6'2""",185,2,72,83,71,84,67,15,73,70,74,68,92,87,83,86,97,72,75,56,77
SG,5,Mobley,Cuttino,Dal,"6'4""",190,7,77,84,85,93,64,25,72,63,86,74,79,79,88,83,83,74,66,56,87
PF,14,Mohammed,Nazr,Hou,"6'10""",240,7,71,74,50,63,84,11,83,83,71,94,75,71,73,64,78,80,57,73,79
PF,5,Moiso,Jerome,Por,"6'10""",232,5,78,85,55,86,86,20,85,83,76,88,78,74,78,73,78,85,62,76,82
C,31,Moore,Mikki,Bos,"7'0""",230,7,80,80,50,88,86,16,88,87,75,78,76,72,71,64,77,86,58,83,83
SF,87,Morgan,Ben,FA,"6'9""",214,4,67,65,51,79,64,14,81,76,68,78,64,50,76,60,61,67,54,69,53
C,65,Morgan,Jason,FA,"7'1""",262,2,67,73,55,73,66,14,71,77,60,77,52,65,60,59,59,61,50,58,52
PF,12,Morrison,Daniel,Hou,"6'8""",211,1,64,65,57,79,68,14,62,55,63,74,63,59,55,67,60,76,50,66,50
SF,93,Moten,Grant,FA,"6'8""",210,2,64,64,72,64,59,18,71,66,66,67,66,59,59,53,62,74,58,70,54
PF,13,Mottola,Hanno,Phi,"6'10""",245,5,77,86,58,94,82,20,91,76,71,80,71,68,78,66,84,84,64,68,78
C,33,Mourning,Alonzo,Orl,"6'10""",258,13,74,84,57,68,84,19,81,68,67,87,71,69,70,68,78,86,55,75,89
PG,97,Murdock,Malcolm,Sea,"6'1""",163,R,61,53,55,71,52,24,65,52,59,54,53,77,63,68,71,58,73,52,54
SF,30,Murray,Lamond,Utah,"6'7""",236,11,72,82,80,82,76,25,72,70,72,79,78,80,74,74,83,79,70,55,77
SF,3,Murray,Tracy,SA,"6'7""",228,13,69,76,92,86,66,25,68,55,69,71,70,71,72,75,77,75,61,50,68
C,34,N'diaye,Mamadou,NY,"7'0""",255,5,75,75,54,75,88,17,80,79,70,79,78,75,70,58,70,87,59,82,85
SF,54,Nailon,Lee,Atl,"6'9""",239,5,76,84,62,80,80,19,91,85,75,79,77,77,79,66,81,83,63,60,76
SF,14,Najera,Eduardo,Phi,"6'8""",240,5,80,89,69,78,78,21,90,85,75,89,74,73,76,69,86,86,71,69,81
PG,13,Nash,Steve,Cha,"6'3""",195,9,81,83,85,96,50,25,77,62,74,78,83,84,97,92,91,66,61,52,93
SG,8,Nesby,Tyrone,Phi,"6'6""",225,7,77,87,84,88,86,19,83,67,75,83,85,83,80,77,81,73,65,61,86
C,8,Nesterovic,Radoslav,NY,"7'0""",250,7,78,85,53,66,80,16,86,83,75,83,80,78,69,65,75,87,55,77,73
SF,3,Newble,Ira,Orl,"6'7""",220,5,68,79,68,82,79,21,78,77,70,74,76,79,77,74,74,75,62,61,76
SF,49,Newell,Reynaldo,FA,"6'8""",203,4,64,77,52,78,69,20,80,57,62,59,52,54,75,68,73,70,65,59,68
C,60,Noble,Nat,Det,"7'0""",280,1,69,80,59,67,63,13,73,66,66,69,66,67,57,59,74,62,56,57,72
PG,12,Norris,Moochie,Cle,"6'1""",175,8,69,83,82,84,50,25,65,63,72,64,82,82,88,85,80,75,71,50,82
SF,41,Nowitzki,Dirk,LAL,"7'0""",250,7,88,96,88,92,82,25,87,74,71,86,79,81,86,81,93,92,61,65,82
C,7,O'Neal,Jermaine,Pho,"6'11""",226,9,84,87,51,66,91,12,86,94,84,83,84,78,66,65,85,92,56,84,84
C,34,O'Neal,Shaquille,SA,"7'1""",315,13,84,86,50,57,91,12,93,83,71,94,78,78,83,70,86,91,53,77,86
SG,55,Oak,Chris,FA,"6'6""",187,1,63,63,75,81,58,15,63,59,67,67,62,57,64,69,65,66,70,60,53
SF,7,Odom,Lamar,GS,"6'10""",220,6,88,89,80,80,85,25,90,77,78,82,85,85,88,84,92,92,66,71,88
PF,31,Okulaja,Ademola,Tor,"6'9""",235,5,73,78,84,82,83,25,80,78,74,77,72,73,81,69,78,84,70,62,82
PG,11,Olie,Finigan,Mil,"6'2""",171,R,74,76,79,91,67,20,75,68,76,62,87,78,83,91,95,60,74,55,85
PG,82,Oliver,Sam,FA,"6'5""",199,1,64,53,51,82,50,23,66,53,55,60,61,62,73,67,55,54,58,53,55
C,34,Olowokandi,Michael,Phi,"7'0""",269,7,81,77,50,74,86,12,86,83,75,91,76,77,70,65,78,93,57,77,81
C,39,Ostertag,Greg,Van,"7'2""",280,10,74,64,50,70,75,9,74,86,59,86,63,59,64,60,71,88,54,90,86
C,11,Overton,Brian,Por,"7'1""",273,R,67,67,55,63,76,16,80,76,59,72,63,60,60,68,68,72,66,76,62
SF,5,Owens,Billy,FA,"6'9""",225,14,63,74,75,54,64,20,70,64,59,69,60,63,73,75,71,80,58,50,62
SG,53,Owens,Kris,Ind,"6'5""",193,R,69,82,70,86,89,20,80,61,85,68,75,85,74,76,79,70,71,70,72
PF,11,Owens,Mawuko,FA,"6'10""",230,4,62,64,57,80,77,10,64,54,69,69,50,69,56,65,70,58,50,57,70
C,0,Oyedeji,Olumide,NJ,"6'10""",240,5,77,71,51,56,88,14,88,86,78,86,72,67,63,60,75,94,56,79,82
SF,34,Padgett,Scott,Por,"6'9""",240,6,79,85,80,79,85,25,78,74,75,81,82,77,89,78,83,88,65,64,79
PF,19,Parker,Evan,NY,"6'9""",213,1,73,68,61,74,81,13,89,83,77,78,82,82,71,64,79,66,67,75,79
C,72,Parker,Levar,FA,"7'0""",258,3,64,69,57,70,51,9,77,55,50,77,65,56,60,54,62,64,54,57,53
SF,19,Parker,Lexie,FA,"6'8""",223,4,63,59,68,79,76,21,59,53,70,61,60,50,70,61,59,60,56,60,51
C,44,Parks,Cherokee,Min,"6'11""",230,10,70,74,54,71,76,17,74,76,67,74,65,70,76,66,77,86,66,73,77
PF,51,Parton,Manfred,Bos,"6'11""",250,3,63,67,54,68,56,10,76,58,58,78,69,50,64,50,55,71,62,58,50
SF,33,Patterson,Andrae,Min,"6'9""",240,7,72,86,55,87,76,18,82,69,70,87,76,76,74,71,77,71,60,63,83
C,48,Patterson,Caleb,LAL,"7'2""",263,4,75,72,54,89,76,8,86,85,56,79,50,53,68,52,76,79,60,73,60
SF,67,Patterson,Dante,Was,"6'8""",201,R,67,67,51,76,88,14,80,73,76,57,57,59,67,65,77,58,60,70,76
SF,21,Patterson,Ruben,Det,"6'5""",224,7,81,84,78,78,85,18,77,91,87,85,86,85,81,75,83,79,72,61,89
PG,71,Patton,Gary,Cle,"6'1""",179,3,64,64,50,85,64,21,67,67,71,56,87,77,82,84,80,69,75,56,82
SG,44,Peeler,Anthony,Dal,"6'4""",208,13,64,77,85,77,53,25,61,50,67,66,71,68,80,77,73,66,63,50,69
PG,12,Penberthy,Mike,Det,"6'3""",185,5,73,90,85,84,53,25,74,62,70,71,81,82,90,82,85,68,66,59,75
SG,1,Person,Wesley,Por,"6'6""",200,11,68,80,90,80,67,25,65,50,64,65,73,74,74,77,79,74,58,50,77
SG,24,Peterson,Morris,Atl,"6'7""",218,5,80,87,82,85,85,25,84,79,83,77,87,82,83,82,85,75,64,61,84
C,20,Phillips,Ishmael,Det,"7'0""",275,2,73,73,51,82,71,15,84,58,52,75,62,54,54,64,73,73,65,71,72
SG,52,Piatkowski,Eric,LAL,"6'7""",215,11,66,79,89,86,66,25,67,59,64,72,71,74,75,75,77,69,62,50,72
SF,34,Pierce,Paul,Tor,"6'6""",230,7,88,92,85,89,83,25,90,67,83,92,84,84,85,83,88,84,80,66,87
C,31,Pollard,Scot,Ind,"6'11""",265,8,79,76,51,81,79,14,79,95,75,90,69,72,68,61,78,92,70,71,92
SF,62,Pope,Ayubu,Dal,"6'8""",213,2,72,74,78,87,88,20,72,64,72,64,62,60,77,73,66,68,77,67,63
SF,4,Porter,Chris,Was,"6'7""",218,5,78,82,59,77,97,16,93,86,83,82,88,84,72,71,80,77,62,65,83
SF,92,Porter,Gary,GS,"6'8""",196,1,68,82,80,76,84,19,72,55,72,59,65,77,62,68,65,69,63,72,62
SF,41,Posey,James,Det,"6'8""",215,6,82,85,84,88,80,19,79,71,76,85,83,85,82,76,85,84,74,63,87
SF,7,Postell,Lavor,GS,"6'6""",212,5,78,82,72,89,82,23,84,83,83,85,81,77,76,74,78,79,69,64,88
C,52,Potapenko,Vitaly,Sea,"6'10""",285,9,79,82,52,77,81,15,87,91,75,93,70,71,69,65,81,92,61,60,77
PF,22,Preston,Leo,Mia,"6'8""",240,1,70,58,58,82,65,18,81,78,68,67,60,63,73,60,65,58,57,66,57
SG,6,Price,Bob,Dal,"6'3""",207,3,71,71,58,81,72,24,71,68,79,71,72,97,71,75,76,67,72,63,72
PG,20,Price,Brent,FA,"6'1""",185,12,64,73,89,82,50,25,61,50,51,58,71,71,79,81,70,61,66,50,71
SG,3,Profit,Laron,Was,"6'5""",204,6,76,82,72,75,82,21,85,59,76,83,94,91,82,88,77,82,65,63,83
C,6,Przybilla,Joel,Dal,"7'1""",255,5,81,76,51,58,91,14,93,81,78,96,72,69,69,65,72,89,57,88,84
C,41,Quaid,Leon,Was,"7'0""",280,1,63,72,53,79,62,14,79,66,55,83,57,66,66,54,66,72,65,63,58
SF,71,Quaid,Neil,Tor,"6'10""",223,R,68,78,69,81,73,16,81,71,67,63,56,73,74,64,67,73,65,69,59
SF,29,Quinton,Chris,Pho,"6'9""",230,4,76,78,80,79,93,18,74,74,79,75,87,82,76,69,87,71,83,75,64
C,10,Radojevic,Aleksandar,NY,"7'3""",250,6,75,85,58,72,88,12,91,73,70,87,75,72,66,59,76,76,56,79,84
SF,62,Rand,Lexie,Bos,"6'8""",215,R,75,81,85,88,85,15,76,77,80,73,76,88,70,85,84,71,67,70,71
C,42,Ratliff,Theo,Min,"6'10""",225,10,79,80,52,83,79,15,79,79,79,77,74,75,61,62,81,87,57,88,87
PG,3,Recasner,Eldridge,FA,"6'4""",195,11,62,74,88,78,50,25,60,50,61,62,65,69,73,75,72,56,62,50,69
SG,2,Redd,Michael,Van,"6'6""",220,5,75,87,75,85,90,23,89,69,77,80,90,84,76,80,86,74,61,60,75
C,50,Reeves,Bryant,Pho,"7'0""",290,10,70,77,56,71,72,19,82,77,67,84,67,70,79,68,80,83,57,58,73
PF,52,Reid,Don,Sea,"6'8""",250,10,73,71,50,79,84,11,78,77,69,88,68,69,68,59,78,86,73,77,88
PF,17,Reynolds,Marcus,FA,"6'9""",237,4,65,64,54,84,73,10,73,64,76,87,71,65,68,65,86,69,65,65,75
SF,3,Richardson,Quentin,LAC,"6'6""",223,5,81,83,75,78,80,23,85,93,85,90,85,79,72,67,77,82,62,63,82
SF,68,Richmond,Jerome,Den,"6'9""",219,2,64,67,62,84,70,13,60,65,71,64,54,73,74,64,62,68,61,55,62
SG,7,Rider,Isaiah,FA,"6'5""",215,12,68,81,81,79,76,25,76,54,69,80,78,77,79,79,77,70,59,50,74
SF,8,Roberson,Terrance,LAC,"6'7""",215,5,77,86,89,92,81,25,73,74,76,76,81,81,91,73,82,72,62,62,78
SF,49,Roberts,Jamal,Cle,"6'7""",204,1,65,71,50,78,74,20,65,59,59,65,58,70,63,54,53,66,52,59,51
SF,32,Robinson,Eddie,Mil,"6'9""",208,6,76,82,56,82,86,19,85,72,87,79,75,79,80,78,78,81,70,65,80
SF,13,Robinson,Glenn,Van,"6'7""",230,11,78,89,82,86,84,25,82,64,79,84,78,82,79,79,90,81,61,54,77
SF,6,Rogers,Carlos,Cha,"6'11""",232,11,65,63,61,60,76,17,68,76,69,72,72,71,66,63,66,85,55,51,67
PF,22,Rogers,Grant,Sac,"6'11""",225,R,75,73,57,81,79,19,89,64,69,89,68,73,62,64,88,88,68,74,67
SF,11,Rogers,Ian,Was,"6'8""",203,R,61,67,50,75,66,13,72,58,61,61,57,70,57,51,52,68,57,60,51
PF,54,Rogers,Rodney,FA,"6'7""",255,12,66,79,90,65,71,25,76,65,69,79,71,72,77,72,78,80,69,50,78
PG,5,Rose,Jalen,Por,"6'8""",225,11,78,86,82,89,72,25,78,56,72,78,86,83,92,88,88,78,62,56,91
C,31,Rose,Malik,Tor,"6'7""",240,9,81,84,59,81,80,14,83,91,75,89,76,73,73,66,84,93,63,70,89
SF,13,Rowell,John,Cle,"6'8""",218,2,66,60,60,80,75,19,62,68,69,57,51,76,72,60,59,61,56,64,56
PF,51,Ruffin,Michael,Sea,"6'8""",248,6,77,74,50,58,80,9,79,95,76,95,85,82,75,75,74,89,63,67,87
PF,35,Russell,Ray,FA,"6'9""",234,3,67,58,56,81,71,16,73,71,66,79,61,55,71,52,62,87,59,67,63
PF,62,Sadler,Simba,Hou,"6'9""",233,4,66,68,53,78,73,18,84,63,62,73,68,73,67,66,74,67,52,57,64
C,45,Samake,Soumaila,Den,"7'2""",230,5,77,79,51,78,84,14,84,76,71,79,70,73,72,64,74,86,58,87,89
SG,42,Samson,Lexie,FA,"6'5""",206,1,63,67,53,90,58,16,73,66,66,57,80,76,69,75,80,68,65,57,55
PG,4,Sanchez,Pepe,Ind,"6'4""",195,5,73,76,68,76,65,21,68,64,71,78,91,88,99,83,84,77,76,58,86
C,15,Santiago,Daniel,Sea,"7'0""",256,5,77,80,50,96,85,13,88,75,62,89,66,69,73,65,76,84,58,81,80
PF,31,Scott,Declan,Orl,"6'7""",239,1,71,83,61,69,79,15,77,83,80,87,60,65,60,60,88,67,74,64,79
PG,59,Simpson,Devin,Hou,"6'4""",156,2,67,63,55,82,69,16,73,56,69,65,88,82,84,89,91,60,82,53,80
PF,32,Skinner,Brian,Den,"6'9""",255,7,77,80,52,75,82,15,83,84,75,93,72,75,68,63,76,91,59,80,88
C,52,Smith,Jabari,Mia,"6'11""",250,5,79,85,71,67,89,23,90,80,76,92,72,68,73,66,83,86,58,77,81
PF,32,Smith,Joe,Pho,"6'10""",225,10,81,84,58,85,83,18,85,90,75,81,79,81,77,75,84,90,61,71,79
SF,34,Smith,Michael,Pho,"6'8""",240,11,71,64,50,77,77,12,76,83,71,87,72,75,74,64,71,86,60,54,81
SF,40,Smith,Mike,Por,"6'8""",195,5,79,88,74,85,87,23,87,81,75,72,83,81,81,73,77,79,69,78,80
PF,34,Smith,Whitman,Tor,"6'10""",227,R,62,66,60,76,69,14,74,57,73,58,53,54,53,50,58,72,50,60,65
PG,65,Snow,Bill,Ind,"6'1""",188,2,69,63,62,88,65,20,71,59,82,59,90,85,80,79,88,65,72,57,57
PG,20,Snow,Eric,Orl,"6'3""",204,10,74,80,71,77,56,20,69,56,72,68,89,86,98,92,88,68,74,50,95
SF,8,Sprewell,Latrell,SA,"6'5""",190,13,70,83,78,84,82,21,72,50,74,68,83,81,83,81,79,68,64,50,78
SG,42,Stackhouse,Jerry,Dal,"6'6""",218,10,85,92,79,91,92,20,85,69,87,85,88,86,87,82,96,69,71,58,86
PF,8,Starks,Tim,Atl,"6'10""",223,R,62,67,61,65,81,17,82,62,70,68,54,55,71,51,72,63,51,59,55
SG,2,Stevenson,DeShawn,Van,"6'5""",210,5,70,81,64,69,92,21,84,70,90,75,89,87,75,76,71,70,69,64,73
PF,4,Stewart,Michael,Dal,"6'10""",230,8,73,66,50,65,82,11,77,86,75,78,76,77,70,58,73,90,56,74,83
SG,20,Stith,Bryant,Den,"6'5""",210,13,67,67,80,84,60,19,67,55,69,77,76,75,77,78,76,69,62,50,83
SF,16,Stojakovic,Predrag,Sac,"6'9""",229,7,83,90,89,96,82,25,83,71,71,86,78,85,88,80,86,84,65,57,81
PG,3,Stoudamire,Damon,Van,"5'10""",171,10,76,79,84,90,50,25,69,61,72,69,92,90,91,92,88,68,64,50,89
SG,25,Strickland,Erick,Cha,"6'3""",210,9,75,75,84,91,58,19,69,66,74,72,84,85,88,84,76,81,75,53,82
SF,23,Strickland,Kyle,FA,"6'7""",220,3,64,75,50,73,68,14,66,71,73,60,58,73,59,70,72,70,78,61,60
C,80,Strickland,Lance,SA,"7'0""",255,2,67,73,59,74,77,11,81,73,67,71,67,64,68,69,74,60,52,64,53
SG,10,Strickland,Leon,Bos,"6'3""",193,4,77,79,77,90,83,25,82,67,84,75,90,88,85,91,95,74,69,69,74
C,40,Sundov,Bruno,LAC,"7'2""",220,7,74,81,54,95,80,15,86,73,65,81,71,74,79,73,78,76,59,71,71
SG,3,Sura,Bob,Phi,"6'5""",200,10,72,73,88,76,78,25,70,59,72,74,81,82,90,82,83,75,68,53,81
PF,4,Swift,Stromile,Atl,"6'9""",225,5,82,82,64,69,97,17,92,83,90,83,76,79,75,77,79,85,56,91,85
SF,10,Szczerbiak,Wally,Dal,"6'7""",244,6,84,92,77,91,77,25,84,75,76,89,78,78,83,80,91,80,63,61,87
C,12,Tarlac,Dragan,Ind,"6'11""",260,5,69,75,50,80,77,17,76,78,67,82,71,67,71,67,78,80,61,65,80
PG,30,Taylor,Gary,Van,"6'7""",158,3,77,83,58,84,71,22,79,55,75,68,83,98,97,92,87,64,90,54,78
SG,62,Taylor,Kwabena,Chi,"6'4""",175,2,69,89,67,86,93,24,75,64,76,66,75,87,77,77,78,65,70,67,64
PF,2,Taylor,Maurice,Det,"6'9""",260,8,84,92,58,79,88,20,92,72,76,97,84,80,78,83,89,89,61,65,86
PG,31,Terry,Jason,Det,"6'2""",172,6,82,89,81,90,58,25,81,60,76,76,87,88,95,90,90,73,75,58,88
SF,27,Thomas,Cameron,NY,"6'8""",227,1,64,66,53,72,62,14,71,56,70,63,60,67,65,65,62,73,69,67,67
C,36,Thomas,Etan,Van,"6'9""",256,5,84,77,51,76,91,11,96,83,76,99,74,74,69,64,76,83,62,90,91
PF,21,Thomas,Kenny,LAC,"6'8""",260,6,79,85,76,74,76,21,87,86,76,95,69,71,82,74,86,94,65,61,77
PF,40,Thomas,Kurt,Por,"6'9""",230,10,73,80,58,84,76,17,80,78,72,85,76,73,73,63,80,89,61,58,87
PF,5,Thomas,Tim,Cle,"6'10""",230,8,82,91,82,85,90,25,83,76,83,92,82,83,79,79,89,88,64,62,81
PF,44,Thompson,Bubba,Cha,"6'10""",247,R,67,63,61,68,75,14,74,76,79,76,53,55,65,52,68,72,51,71,71
SF,12,Thompson,Elias,Por,"6'10""",197,1,67,75,53,86,67,19,82,59,74,58,75,75,69,73,78,58,76,69,66
SF,31,Thurman,Jioke,Bos,"6'9""",196,1,70,70,77,89,85,13,66,68,67,57,73,73,73,60,65,66,62,68,75
C,74,Tipton,Fritz,Sac,"6'11""",271,1,73,64,58,68,96,12,93,80,75,95,58,72,58,69,85,71,65,66,56
C,48,Tipton,Phillip,FA,"6'11""",243,1,63,57,53,76,59,15,60,53,50,65,51,53,57,52,54,66,62,66,69
C,45,Toomey,Lance,FA,"6'9""",245,1,63,75,54,61,68,13,77,70,51,82,57,52,58,58,55,52,54,58,59
PF,54,Traylor,Robert,LAL,"6'8""",284,7,81,85,50,68,87,13,87,93,71,99,77,69,79,78,81,91,73,80,77
PF,33,Trent,Gary,Ind,"6'8""",250,10,76,85,55,61,90,18,89,79,75,97,80,78,76,77,86,80,63,57,83
PG,49,Trnka,Michael,Chi,"6'6""",198,3,75,84,64,89,67,18,78,61,73,74,96,95,90,89,84,59,72,53,73
C,25,Tsakalidis,Iakovos,Sac,"7'3""",283,5,77,78,51,63,89,12,90,78,77,99,71,72,70,69,77,90,59,74,81
SF,5,Turkoglu,Hidayet,Phi,"6'8""",202,5,73,86,70,70,83,23,88,68,72,72,80,74,88,85,85,71,62,62,74
SF,92,Turner,Isaiah,Den,"6'10""",212,2,77,86,74,75,83,20,80,67,89,76,68,84,67,78,79,76,81,76,87
PG,7,Tyler,Derek,Phi,"6'7""",204,2,73,74,66,91,69,23,81,70,75,62,91,96,89,85,81,60,72,54,66
PG,31,Van,Exel,Nick,Hou6',"1""",lbs,12,71,77,86,87,52,25,69,50,71,67,85,83,92,89,82,69,59,50
SF,44,Van,Horn,Keith,Hou6',"10""",lbs,8,87,95,82,94,86,25,89,84,75,89,82,84,80,81,88,91,60,65
PG,11,Vaughn,Jacque,LAL,"6'1""",190,8,72,83,80,84,50,19,73,60,75,71,83,85,93,87,87,69,68,53,90
C,43,Voskuhl,Jake,Chi,"6'11""",245,5,76,77,51,77,82,11,87,74,71,91,71,68,72,63,73,84,61,78,89
PF,8,Walker,Antoine,Was,"6'9""",245,9,86,93,78,79,86,21,96,78,75,90,82,84,89,88,93,89,68,61,83
PF,52,Walker,Samaki,Orl,"6'9""",260,9,76,84,51,77,81,14,87,83,75,91,75,76,71,68,78,94,54,71,73
SG,49,Wallace,Augustus,Sac,"6'5""",214,2,68,78,69,87,95,24,75,58,78,76,73,89,85,77,86,61,72,64,76
C,3,Wallace,Ben,NJ,"6'9""",240,9,77,74,50,59,85,12,75,88,82,87,73,73,65,61,77,93,68,81,91
PF,44,Wallace,John,NJ,"6'9""",225,9,76,86,56,88,84,19,84,73,74,87,79,79,80,77,84,79,55,58,80
PF,30,Wallace,Rasheed,Atl,"6'11""",230,10,88,94,74,79,95,21,93,72,87,86,83,85,83,75,95,90,65,79,93
SG,1,Walton,Jerome,Utah,"6'4""",201,4,66,73,57,90,57,19,64,56,61,59,51,71,70,53,66,58,55,53,50
SG,64,Walton,Martin,FA,"6'6""",186,3,63,69,71,88,68,17,67,63,62,67,54,70,72,55,57,62,62,56,71
PG,21,Ward,Charlie,Pho,"6'2""",190,11,68,75,86,84,50,25,66,50,69,69,79,77,88,86,73,73,73,50,84
SF,88,Warner,Clarence,Sac,"6'8""",226,4,68,79,51,85,93,22,81,58,73,69,58,68,67,63,73,68,74,74,69
SF,10,Warner,Jason,Cha,"6'8""",229,1,77,83,78,88,75,14,78,75,83,82,70,86,82,83,81,74,75,62,71
SF,7,Warner,Lucas,FA,"6'9""",195,4,63,78,50,68,83,16,76,72,81,65,57,77,72,68,72,57,73,63,55
C,23,Waters,Grant,FA,"6'10""",247,2,64,51,52,74,75,15,74,77,50,75,58,68,54,50,56,78,50,69,50
PF,35,Weatherspoon,Clarence,LAL,"6'7""",265,13,64,76,55,71,69,17,72,69,67,78,67,67,70,67,73,87,64,50,66
PF,4,Webber,Chris,Mia,"6'10""",245,12,84,88,74,81,91,25,90,76,72,93,82,83,89,77,92,91,69,68,84
PF,46,Weekes,Brian,Phi,"6'8""",237,4,75,73,62,72,84,16,74,77,81,92,62,82,72,75,88,86,65,74,60
SG,6,Wells,Bonzi,Mia,"6'5""",210,7,79,87,79,76,75,20,79,81,83,84,81,84,80,77,84,79,79,60,85
PF,94,Wells,Garth,Chi,"6'11""",213,4,70,77,54,78,64,15,86,79,72,78,53,54,64,58,60,59,58,58,52
PG,4,Wesley,David,Den,"6'1""",211,12,65,78,83,79,50,25,71,50,76,72,80,80,89,88,80,64,68,50,81
SF,57,Westmore,Garry,Det,"6'6""",214,2,63,72,50,80,66,16,73,53,59,68,52,63,74,57,60,72,51,57,55
SG,97,Wheeler,Nweke,Bos,"6'4""",181,4,67,84,73,73,86,16,71,62,82,72,86,78,77,84,77,60,80,61,70
SF,52,Wheeler,Tom,FA,"6'6""",200,3,64,78,53,70,80,17,78,64,73,64,50,63,62,62,61,70,52,65,59
C,55,White,Jahidi,Atl,"6'9""",290,7,81,85,50,63,78,10,85,95,70,98,64,66,66,65,75,96,59,79,82
SF,35,White,Rod,Sac,"6'9""",206,R,64,79,75,74,73,12,79,63,69,68,62,63,67,65,75,61,60,66,67
PG,23,White,Theo,Min,"6'2""",164,R,69,74,80,75,75,25,68,66,81,60,83,94,87,84,78,68,77,58,74
PG,12,Whitney,Chris,Atl,"6'0""",175,12,68,77,90,90,50,25,66,51,71,62,81,78,88,82,81,64,65,50,80
SF,20,Wilkinson,Morris,Van,"6'6""",208,R,82,83,77,74,88,13,88,72,79,86,90,82,65,74,88,75,66,78,88
PF,34,Williams,Aaron,Phi,"6'9""",225,11,69,69,51,78,80,13,72,82,78,78,70,73,67,58,73,84,62,70,80
SG,20,Williams,Alvin,Chi,"6'5""",185,8,74,80,78,82,62,20,78,66,74,75,82,81,88,82,83,70,71,56,87
SF,55,Williams,Eric,LAL,"6'8""",220,10,67,72,80,84,72,17,73,60,71,82,81,81,78,75,77,65,64,50,77
PG,55,Williams,Jason,Pho,"6'1""",190,7,82,90,86,84,59,25,79,57,75,74,88,90,99,98,88,71,70,57,79
PF,13,Williams,Jerome,Utah,"6'9""",206,9,75,68,51,68,82,14,72,92,79,79,83,80,77,74,76,95,70,53,87
C,39,Williams,Kebu,Sea,"6'11""",287,2,65,80,53,59,77,16,77,60,66,81,54,55,65,66,69,69,64,70,53
SG,3,Williams,Monty,FA,"6'8""",225,11,63,74,64,79,76,16,75,70,71,76,76,77,76,74,76,72,63,50,77
SG,95,Williams,Naseem,Pho,"6'3""",187,2,69,75,68,84,76,24,72,59,86,70,71,76,68,87,84,61,81,62,80
PG,1,Williams,Shammond,NY,"6'1""",201,7,70,88,85,74,63,25,70,63,82,64,89,89,79,83,75,73,67,53,79
SF,42,Williams,Walt,Hou,"6'8""",230,13,68,75,90,79,66,25,65,54,62,70,70,68,75,78,77,76,61,50,73
SF,35,Williamson,Corliss,Sea,"6'7""",245,10,78,84,56,85,83,19,89,80,74,93,79,84,80,78,85,75,60,56,82
C,34,Wolf,Lamar,Van,"7'3""",251,4,75,62,50,82,93,10,83,62,64,99,77,65,65,56,82,76,75,74,73
PF,45,Wolkowyski,Ruben,Utah,"6'10""",270,5,68,76,63,75,79,16,79,72,69,85,66,68,72,63,75,84,57,66,79
SG,2,Woods,Brian,NY,"6'3""",215,2,74,72,81,77,76,18,79,58,88,76,88,77,72,77,78,67,86,70,76
C,42,Wright,Lorenzen,Utah,"6'11""",235,9,79,79,60,73,86,14,81,89,75,83,82,82,68,68,77,89,61,70,86
C,31,Young,Devon,GS,"6'10""",287,R,62,57,54,73,62,9,71,57,53,71,50,53,65,68,73,77,65,69,69
C,67,Young,Marcus,Utah,"6'11""",254,1,77,72,60,74,90,13,88,63,72,92,82,76,59,63,82,75,71,79,60
C,99,Zholtok,Mattias,FA,"7'0""",276,2,64,56,55,72,56,10,73,61,70,63,51,56,58,62,53,70,62,52,50
